{
    "McV": 1.0,
    "Mn1V": 100.0,
    "Mn2V": 100.0,
    "Mn3V": 100.0,
    "W": 0.8272,
    "E": 40.0,
    "nu": 0.3,
    "E_beta": 50.0,
    "nu_beta": 0.3,
    "A4" : 1.3687,
    "A3" : -2.7375,
    "A2" : 5.1622,
    "A1" : -4.776,
    "A0" : -1.6704,
    "B2" : 5.0,
    "B1" : -5.9746,
    "B0" : -1.5924,
    "Kn1V" : [[0.03, 0.0],[0.0, 0.007]],
    "Kn2V" : [[0.01275, -0.009959], [-0.009959, 0.02425]],
    "Kn3V" : [[0.01275, 0.009959], [0.009959, 0.02425]],
    "dt": 12.0e-3,
    "Lx": 40.0,
    "Ly": 40.0,
    "Lz": 40.0,
    "nx": 96,
    "ny": 96,
    "nz": 96,
    "t_OFF": 12.0
}